{
  "request": [
    {
      "quote_name": "QUO-246662-Q0B9B6",
      "crm_quote_id": "QUO-246662-Q0B9B6",
      "status": "Quoted",
      "customer_reference_number": "",
      "csr_name": "Sidney Evans",
      "nov_delivery_date": "2025-09-24T14:09:19Z",
      "quote_is_partial": "1",
      "quote_document": "/teams/CAPSCRM/quote/QUO-246662-Q0B9B6_0a99ea97fe93f011b4cb000d3a315603/Document_QUO-246662-Q0B9B6.pdf",
      "created_at": "2025-09-17T19:43:38Z",
      "updated_at": "2025-09-24T14:48:48Z",
      "is_active": true,
      "items_count": "3",
      "items_qty": "3",
      "customer_number": "887102",
      "reserved_order_id": "",
      "created_by_system": "Offline",
      "quote_origin": "D365",
      "group_id": 1,
      "customer_email": "jbrennan@hayespump.com",
      "customer_firstname": "John ",
      "customer_lastname": "Brennan",
      "store_code": "9409934",
      "store_name": "breen",
      "website": "fms",
      "customer_note_notify": true,
      "customer_tax_class_id": 3,
      "disable_auto_group_change": 0,
      "global_currency_code": "USD",
      "base_currency_code": "USD",
      "store_currency_code": "USD",
      "quote_currency_code": "USD",
      "orig_order_id": 0,
      "base_subtotal": 11403.949999999999,
      "base_subtotal_with_discount": 11403.949999999999,
      "subtotal_with_discount": 11403.949999999999,
      "base_grand_total": 12430.31,
      "grand_total": 12430.31,
      "quote_stopcode": "",
      "quote_spa_description": "",
      "quote_marketclass": "ff2c5664-d529-ef11-840a-000d3a5a2d70",
      "quote_quotecategory": "",
      "reason_for_requirement": "Replacing NOV Equipment",
      "quote_brand": "",
      "quote_business_unit": "",
      "quote_productlines": "",
      "quote_productfamily": "",
      "quote_productmodel": "",
      "carriage_location": "c8ecd4d0-6318-ed11-b83c-000d3a307b7d",
      "quote_document_language": "English",
      "quote_enddestinationcountry": "US",
      "quote_transction_id": "290109246",
      "quote_type": "CAPITAL EQUIPMENT",
      "comment": "",
      "referenced_magento_quote_id": "",
      "referenced_d365_quote_id": "",
      "request_type": "new",
      "quote_customerband": "US4",
      "quote_rig": "",
      "quote_ultimatedestination": "",
      "quote_erpbu": "",
      "quote_billto": "",
      "quote_enduser": "",
      "quote_expiry": "2025-10-24",
      "quote_shippingterms": "FCA",
      "nov_sales_rep_email": "",
      "nov_sales_rep_fullname": "",
      "items": [
        {
          "cost": "375.08",
          "item_id": 1,
          "sku": "L-FRAME_PACKAGE",
          "part_number": "L-FRAME_PACKAGE",
          "qty": 1,
          "unit": "EA",
          "promised_ship_date": "",
          "scheduled_pickup_date": "",
          "type": "Configuration",
          "name": "L-FRAME PACKAGE",
          "price": 10195.72,
          "base_price": 15566,
          "row_total": 10195.72,
          "discount_percent": 0,
          "discount_amount": 0,
          "tax_percent": 0,
          "tax_amount": null,
          "product_type": "1",
          "quote_sla": "50",
          "quote_id": "QUO-246662-Q0B9B6",
          "quote_segment": "[{\"cpqFieldName\":\"Rotating_Parts\",\"xrefKey\":\"D365\",\"value\":\"316 Stainless Steel HCP\"},{\"cpqFieldName\":\"Rotor_Mk_No\",\"xrefKey\":\"D365\",\"value\":\"Oversize\"},{\"cpqFieldName\":\"Stator_Material\",\"xrefKey\":\"D365\",\"value\":\"Fluoroelastomer\"},{\"cpqFieldName\":\"Seal_Type\",\"xrefKey\":\"D365\",\"value\":\"\"},{\"cpqFieldName\":\"Baseplates\",\"xrefKey\":\"D365\",\"value\":\"None\"},{\"cpqFieldName\":\"Paint\",\"xrefKey\":\"D365\",\"value\":\"Std Two Pack Epoxy Paint- RAL 5005 Blue\"},{\"cpqFieldName\":\"Flow\",\"xrefKey\":\"D365\",\"value\":\"10.0 US GPM\"},{\"cpqFieldName\":\"Viscosity\",\"xrefKey\":\"D365\",\"value\":\"1.0 cP\"},{\"cpqFieldName\":\"Temperature\",\"xrefKey\":\"D365\",\"value\":\"20.0 deg C\"},{\"cpqFieldName\":\"Liquid\",\"xrefKey\":\"D365\",\"value\":\"\"},{\"cpqFieldName\":\"Slope\",\"xrefKey\":\"D365\",\"value\":\"0.0\"},{\"cpqFieldName\":\"Suction_Pressure\",\"xrefKey\":\"D365\",\"value\":\"0.0 psi\"},{\"cpqFieldName\":\"Discharge_Pressure\",\"xrefKey\":\"D365\",\"value\":\"20.0 psi\"},{\"cpqFieldName\":\"Differential_Pressure\",\"xrefKey\":\"D365\",\"value\":\"20.0 psi\"},{\"cpqFieldName\":\"Site_Supply_Frequence\",\"xrefKey\":\"D365\",\"value\":\"60 Hz\"},{\"cpqFieldName\":\"Hard_Solid\",\"xrefKey\":\"D365\",\"value\":\"0.0 mm\"},{\"cpqFieldName\":\"Soft_Solid\",\"xrefKey\":\"D365\",\"value\":\"0.0 mm\"},{\"cpqFieldName\":\"Abrasion_Type\",\"xrefKey\":\"D365\",\"value\":\"Nil\"},{\"cpqFieldName\":\"Abrasion_Percentage\",\"xrefKey\":\"D365\",\"value\":\"0.0 %\"},{\"cpqFieldName\":\"Rotation\",\"xrefKey\":\"D365\",\"value\":\"Suction On Gland\"},{\"cpqFieldName\":\"Starting_Method\",\"xrefKey\":\"D365\",\"value\":\"Inverter\"},{\"cpqFieldName\":\"Pump_Viscosity\",\"xrefKey\":\"D365\",\"value\":\"1.0 cP\"},{\"cpqFieldName\":\"Absorbed_Power\",\"xrefKey\":\"D365\",\"value\":\"0.38  kW  /  0.51  HP\"},{\"cpqFieldName\":\"Start_Torque\",\"xrefKey\":\"D365\",\"value\":\"33.05 Nm\"},{\"cpqFieldName\":\"Speed\",\"xrefKey\":\"D365\",\"value\":\"216.0 rpm\"},{\"cpqFieldName\":\"Drive_Type\",\"xrefKey\":\"D365\",\"value\":\"Driveless\"},{\"cpqFieldName\":\"Casing_Material\",\"xrefKey\":\"D365\",\"value\":\"Stainless Steel\"},{\"cpqFieldName\":\"Casing_Material_Code\",\"xrefKey\":\"D365\",\"value\":\"S\"},{\"cpqFieldName\":\"Casing_Material_Variation_Code\",\"xrefKey\":\"D365\",\"value\":\"\"},{\"cpqFieldName\":\"Rotating_Parts_Variation_Code\",\"xrefKey\":\"D365\",\"value\":\"\"},{\"cpqFieldName\":\"Rotating_Parts_Code\",\"xrefKey\":\"D365\",\"value\":\"S\"},{\"cpqFieldName\":\"Rotor_Mk_No_Code\",\"xrefKey\":\"D365\",\"value\":\"B\"},{\"cpqFieldName\":\"Rotor_Mk_No_Variation_Code\",\"xrefKey\":\"D365\",\"value\":\"\"},{\"cpqFieldName\":\"Stator_Material_Code\",\"xrefKey\":\"D365\",\"value\":\"F\"},{\"cpqFieldName\":\"Stator_Material_Variation_Code\",\"xrefKey\":\"D365\",\"value\":\"\"},{\"cpqFieldName\":\"Seal_Type_Code\",\"xrefKey\":\"D365\",\"value\":\"X\"},{\"cpqFieldName\":\"Seal_Type_Variation_Code\",\"xrefKey\":\"D365\",\"value\":\"\"},{\"cpqFieldName\":\"Suction_Handling\",\"xrefKey\":\"D365\",\"value\":\"Vertical\"},{\"cpqFieldName\":\"Pump_Smart_Part_#\",\"xrefKey\":\"D365\",\"value\":\"01L06SSF3XCBB\"},{\"cpqFieldName\":\"Type_of_Transaction\",\"xrefKey\":\"D365\",\"value\":\"ETO\"},{\"cpqFieldName\":\"Base_Plate_JDE_Item_Number\",\"xrefKey\":\"D365\",\"value\":\"NA\"},{\"cpqFieldName\":\"Testing_-1\",\"xrefKey\":\"D365\",\"value\":\"Std. Hydrostatic Test\"},{\"cpqFieldName\":\"Traceability\",\"xrefKey\":\"D365\",\"value\":\"Not Required\"},{\"cpqFieldName\":\"Certification_1\",\"xrefKey\":\"D365\",\"value\":\"Certificate of Conformity of Unit\"},{\"cpqFieldName\":\"Pump_Assembly\",\"xrefKey\":\"D365\",\"value\":\"1.65\"},{\"cpqFieldName\":\"Package_Assembly\",\"xrefKey\":\"D365\",\"value\":\"0.0\"},{\"cpqFieldName\":\"Suction_Handling_Variation_Code\",\"xrefKey\":\"D365\",\"value\":\"\"},{\"cpqFieldName\":\"Baseplates_Variation_Code\",\"xrefKey\":\"D365\",\"value\":\"\"},{\"cpqFieldName\":\"Paint_Variation_Code\",\"xrefKey\":\"D365\",\"value\":\"\"},{\"cpqFieldName\":\"Unit_Net_Price\",\"xrefKey\":\"D365\",\"value\":\"10195.72\"},{\"cpqFieldName\":\"Time_Paint\",\"xrefKey\":\"D365\",\"value\":\"0.5\"},{\"cpqFieldName\":\"Time_Test\",\"xrefKey\":\"D365\",\"value\":\"0.5\"},{\"cpqFieldName\":\"Version\",\"xrefKey\":\"D365\",\"value\":\"ANSI Design\"},{\"cpqFieldName\":\"Version_Variation_Code\",\"xrefKey\":\"D365\",\"value\":\"\"},{\"cpqFieldName\":\"Internal_Variations_Code\",\"xrefKey\":\"D365\",\"value\":\"C\"},{\"cpqFieldName\":\"Internal_Variations\",\"xrefKey\":\"D365\",\"value\":\"Solid Drive Shaft\"},{\"cpqFieldName\":\"Internal_Variations_Var_Cod\",\"xrefKey\":\"D365\",\"value\":\"\"},{\"cpqFieldName\":\"Baseplate_Options\",\"xrefKey\":\"D365\",\"value\":\"None\"},{\"cpqFieldName\":\"Pump_JDE_Item_for_ETO\",\"xrefKey\":\"D365\",\"value\":\"TBD\"},{\"cpqFieldName\":\"Pump_Specification\",\"xrefKey\":\"D365\",\"value\":\"\"},{\"cpqFieldName\":\"DS_Percentage\",\"xrefKey\":\"D365\",\"value\":\"0.0 %\"},{\"cpqFieldName\":\"Standard_Nameplate\",\"xrefKey\":\"D365\",\"value\":\"Y\"},{\"cpqFieldName\":\"Custom_Nameplate\",\"xrefKey\":\"D365\",\"value\":\"No\"},{\"cpqFieldName\":\"SPEC_Nameplate\",\"xrefKey\":\"D365\",\"value\":\"4221096000\"},{\"cpqFieldName\":\"ATEX_Nameplate\",\"xrefKey\":\"D365\",\"value\":\"N\"},{\"cpqFieldName\":\"Discharge_Flange\",\"xrefKey\":\"D365\",\"value\":\"Standard NPT\"},{\"cpqFieldName\":\"SPEC_ATEX_Nameplate\",\"xrefKey\":\"D365\",\"value\":\"NA\"},{\"cpqFieldName\":\"JIRA_Ticket_Flag\",\"xrefKey\":\"D365\",\"value\":\"Y\"},{\"cpqFieldName\":\"SPEC_Custom_Nameplate\",\"xrefKey\":\"D365\",\"value\":\"NA\"},{\"cpqFieldName\":\"Max_Delivery_Pressure\",\"xrefKey\":\"D365\",\"value\":\"86.99997732343434 psi\"},{\"cpqFieldName\":\"Tagging_Add_Nameplate\",\"xrefKey\":\"D365\",\"value\":\"Not Required\"},{\"cpqFieldName\":\"Tagging_Std_Nameplate\",\"xrefKey\":\"D365\",\"value\":\"Not Required\"},{\"cpqFieldName\":\"ETO_Gearbox_Y_N\",\"xrefKey\":\"D365\",\"value\":\"N\"},{\"cpqFieldName\":\"ETO_Motor_Y_N\",\"xrefKey\":\"D365\",\"value\":\"N\"},{\"cpqFieldName\":\"ETO_Geared_Motor_Y_N\",\"xrefKey\":\"D365\",\"value\":\"N\"},{\"cpqFieldName\":\"CUS_Document_Y_N\",\"xrefKey\":\"D365\",\"value\":\"N\"},{\"cpqFieldName\":\"CUS_Certification_Y_N\",\"xrefKey\":\"D365\",\"value\":\"N\"},{\"cpqFieldName\":\"CUS_Testing_Y_N\",\"xrefKey\":\"D365\",\"value\":\"N\"},{\"cpqFieldName\":\"ETO_Sealing_Manufacturer\",\"xrefKey\":\"D365\",\"value\":\"\"},{\"cpqFieldName\":\"ETO_Sealing_Seal_Type\",\"xrefKey\":\"D365\",\"value\":\"Gland Packing\"},{\"cpqFieldName\":\"ETO_Sealing_Manufactures_Reference\",\"xrefKey\":\"D365\",\"value\":\"\"},{\"cpqFieldName\":\"ETO_Sealing_Shaft_Size\",\"xrefKey\":\"D365\",\"value\":\"\"},{\"cpqFieldName\":\"ETO_Sealing_Shaft_Speed\",\"xrefKey\":\"D365\",\"value\":\"\"},{\"cpqFieldName\":\"ETO_Sealing_Face_Materials\",\"xrefKey\":\"D365\",\"value\":\"NA\"},{\"cpqFieldName\":\"ETO_Sealing_Elastomer_Materials\",\"xrefKey\":\"D365\",\"value\":\"NA\"},{\"cpqFieldName\":\"ETO_Sealing_Metallic_Materials\",\"xrefKey\":\"D365\",\"value\":\"NA\"},{\"cpqFieldName\":\"ETO_Sealing_Port_Type\",\"xrefKey\":\"D365\",\"value\":\"\"},{\"cpqFieldName\":\"ETO_Sealing_ATEX_Required_Y_N\",\"xrefKey\":\"D365\",\"value\":\"N\"},{\"cpqFieldName\":\"ETO_Sealing_ATEX_Zone\",\"xrefKey\":\"D365\",\"value\":\"\"},{\"cpqFieldName\":\"ETO_Sealing_ATEX_Classification\",\"xrefKey\":\"D365\",\"value\":\"\"},{\"cpqFieldName\":\"ETO_Sealing_Temperature_Rating\",\"xrefKey\":\"D365\",\"value\":\"\"},{\"cpqFieldName\":\"ETO_Sealing_ATEX_Additional_Comments\",\"xrefKey\":\"D365\",\"value\":\"\"},{\"cpqFieldName\":\"ETO_Sealing_Seal_System_Requirement_Y_N\",\"xrefKey\":\"D365\",\"value\":\"N\"},{\"cpqFieldName\":\"ETO_Sealing_System_Plan\",\"xrefKey\":\"D365\",\"value\":\"\"},{\"cpqFieldName\":\"ETO_Sealing_Preferred_API_Plan\",\"xrefKey\":\"D365\",\"value\":\"\"},{\"cpqFieldName\":\"ETO_Sealing_Barrier_Fluid\",\"xrefKey\":\"D365\",\"value\":\"\"},{\"cpqFieldName\":\"ETO_Sealing_Barrier_Fluid_Pressure\",\"xrefKey\":\"D365\",\"value\":\"\"},{\"cpqFieldName\":\"ETO_Sealing_Located_On_Base_Y_N\",\"xrefKey\":\"D365\",\"value\":\"N\"},{\"cpqFieldName\":\"ETO_Sealing_Pipework_Seal_Y_N\",\"xrefKey\":\"D365\",\"value\":\"N\"},{\"cpqFieldName\":\"ETO_Sealing_Fittings\",\"xrefKey\":\"D365\",\"value\":\"\"},{\"cpqFieldName\":\"ETO_Sealing_Instrumentation\",\"xrefKey\":\"D365\",\"value\":\"\"},{\"cpqFieldName\":\"ETO_Sealing_Testing_Requirements\",\"xrefKey\":\"D365\",\"value\":\"\"},{\"cpqFieldName\":\"ETO_Sealing_Additional_Comments\",\"xrefKey\":\"D365\",\"value\":\"PN: 3403352012\"},{\"cpqFieldName\":\"ETO_Sealing_Quotation_Received\",\"xrefKey\":\"D365\",\"value\":\"N\"},{\"cpqFieldName\":\"ETO_Sealing_Quotation_Reference\",\"xrefKey\":\"D365\",\"value\":\"\"},{\"cpqFieldName\":\"ETO_Sealing_Cost\",\"xrefKey\":\"D365\",\"value\":\"\"},{\"cpqFieldName\":\"ETO_Sealing_Port_Orientation_From_Motor\",\"xrefKey\":\"D365\",\"value\":\"\"},{\"cpqFieldName\":\"ETO_Sealing_Gland_Packing_Material\",\"xrefKey\":\"D365\",\"value\":\"WHITE TEFLON\"},{\"cpqFieldName\":\"ETO_Sealing_Additional_Comments_2\",\"xrefKey\":\"D365\",\"value\":\"\"},{\"cpqFieldName\":\"ETO_Sealing_Additional_Comments_3\",\"xrefKey\":\"D365\",\"value\":\"\"}]",
          "quoteproduct_ocpqDocumentNumber": "2",
          "quoteproduct_smartpart_number": "01L06SSF3XCBB",
          "status": "completed",
          "freight_code": "",
          "stocking_type": "S",
          "quoteproduct_rfqlinenumber": "",
          "quoteproduct_legacyitem": "",
          "quoteproduct_earliestavailabledate": "",
          "quoteproduct_stockingline": "",
          "quoteproduct_weight": "",
          "quoteproduct_totalweight": "",
          "quoteproduct_warehousecode": ""
        },
        {
          "item_id": "2",
          "sku": "3300929007",
          "part_number": "3300929007",
          "qty": 1,
          "unit": "EA",
          "promised_ship_date": "2025-09-25T11:00:00.0000000Z",
          "scheduled_pickup_date": "2025-09-25T05:00:00Z",
          "type": "Spares",
          "name": "RED       L6,316SS",
          "price": 1208.23,
          "base_price": 1208.23,
          "row_total": 1208.23,
          "discount_percent": 0,
          "discount_amount": 0,
          "tax_percent": 0,
          "tax_amount": null,
          "product_type": "1",
          "quote_sla": "",
          "quote_id": "QUO-246662-Q0B9B6",
          "freight_code": "",
          "stocking_type": "S",
          "quoteproduct_rfqlinenumber": "",
          "quoteproduct_legacyitem": "",
          "quoteproduct_earliestavailabledate": "",
          "quoteproduct_stockingline": "",
          "quoteproduct_weight": "",
          "quoteproduct_totalweight": "",
          "quoteproduct_warehousecode": ""
        },
        {
          "item_id": "3",
          "sku": "FMS TARIFF - PUMPS",
          "part_number": "FMS TARIFF - PUMPS",
          "qty": 1,
          "unit": "EA",
          "promised_ship_date": "",
          "scheduled_pickup_date": "",
          "type": "Spares",
          "name": "TARIFF SURCHARGES ON PUMPS",
          "price": 1026.36,
          "base_price": 1026.36,
          "row_total": 1026.36,
          "discount_percent": 0,
          "discount_amount": 0,
          "tax_percent": 0,
          "tax_amount": null,
          "product_type": "1",
          "quote_sla": "",
          "quote_id": "QUO-246662-Q0B9B6",
          "freight_code": "",
          "stocking_type": "N4",
          "quoteproduct_rfqlinenumber": "",
          "quoteproduct_legacyitem": "",
          "quoteproduct_earliestavailabledate": "",
          "quoteproduct_stockingline": "",
          "quoteproduct_weight": "",
          "quoteproduct_totalweight": "",
          "quoteproduct_warehousecode": ""
        }
      ]
    }
  ]
}